baseline	the tree before optimisation
r1-named-acc	plain dot: eight named accumulators instead of a lane array, which GCC kept on the stack
r2-vfp-asm	plain dot: the inner loop in VFP assembly, two 8-register vldmia and eight vmla per 8 inputs
r3-vfp-dot2	plain matmul: two tokens per pass, sharing the weight loads (three vldmia, sixteen vmla per 8 inputs)
r4-neon-asm	NEON matmul tile (2 rows x 4 tokens) in assembly: post-increment 4-register vld1, sixteen vmla per 8 inputs
r5-rec-interchange	DeltaNet recurrence: the state sweeps eight columns at a time, running sums in named registers
r6-neon-dequant	NEON build: q4 and q8 rows dequantised sixteen weights per vector step
r7-rec-asm	DeltaNet recurrence sweeps in VFP assembly (both builds): 8-register loads and stores per state row
r8-q4-table	plain q4 dequantisation: a 16-value table per block, four weights per halfword in assembly
r9-dot2-unroll	plain matmul kernel: sixteen inputs per loop iteration
r10-attn-asm	attention in VFP assembly: two cached positions per score pass, weighted values with 8 columns in registers
